sample,cnv_1,cnv_2,cnv_3,cnv_4,cnv_5,cnv_6,cnv_7,cnv_8,cnv_9,cnv_10,cnv_11,cnv_12,cnv_13,cnv_14,cnv_15,cnv_16,cnv_17,cnv_18,cnv_19,cnv_20,cnv_21,cnv_22,cnv_23,cnv_24,cnv_25,cnv_26,cnv_27,cnv_28,cnv_29,cnv_30,cnv_31,cnv_32,cnv_33,cnv_34,cnv_35,cnv_36,cnv_37,cnv_38,cnv_39,cnv_40,cnv_41,cnv_42,cnv_43,cnv_44,cnv_45,cnv_46,cnv_47,cnv_48,cnv_49,cnv_50,cnv_51,cnv_52,cnv_53,cnv_54,cnv_55,cnv_56,cnv_57,cnv_58,cnv_59,cnv_60,cnv_61,cnv_62,cnv_63,cnv_64,cnv_65,cnv_66,cnv_67,cnv_68,cnv_69,cnv_70,cnv_71,cnv_72,cnv_73,cnv_74,cnv_75
PAT001-T1,0,0,1,0,1,0,0,1,0,0,1,0,0,0,1,1,0,0,1,0,0,1,1,1,0,0,0,0,0,1,0,1,0,0,0,0,0,1,1,0,0,1,0,0,0,1,0,0,1,0,0,0,1,0,1,0,0,1,0,0,0,0,0,0,0,1,0,1,0,0,0,0,0,1,1
PAT001-S3,0,0,1,0,1,0,0,1,0,0,1,0,0,0,1,1,0,0,1,0,0,1,1,1,0,0,0,0,0,1,0,1,0,0,0,0,0,1,1,0,0,1,0,0,0,1,0,0,1,0,0,0,1,0,1,0,0,1,0,0,0,0,0,0,0,1,0,1,0,0,0,0,0,1,1
PAT001-S2,0,1,1,1,0,0,1,0,1,1,0,1,0,1,0,0,1,1,0,0,0,1,1,0,0,1,1,1,1,0,0,0,1,1,1,1,1,0,0,1,1,0,1,1,1,0,1,1,0,1,1,0,1,1,0,1,0,1,1,0,1,1,1,1,0,0,1,1,0,1,1,1,1,1,1
PAT001-S4,1,1,0,0,0,1,1,0,1,1,1,0,1,1,0,0,1,0,0,1,0,1,0,0,1,1,1,1,0,0,1,0,1,0,1,1,1,0,0,1,1,0,1,0,0,0,1,1,0,1,0,0,0,1,1,0,1,0,1,1,1,1,1,1,1,0,0,1,1,1,0,1,1,0,0
PAT001-S5,1,0,0,1,1,1,1,0,1,1,0,1,1,1,0,0,1,1,1,1,1,0,0,0,0,0,1,1,1,0,1,0,0,1,1,1,1,0,1,1,1,0,1,0,1,0,0,1,0,1,0,1,0,1,0,1,1,0,1,1,1,0,1,1,1,0,0,1,0,1,1,1,1,0,1
PAT001-S6,1,1,0,0,0,1,0,0,1,1,0,0,0,1,0,0,1,1,0,1,0,0,0,0,0,1,1,1,0,0,0,1,0,1,1,1,0,0,0,1,1,0,1,1,0,0,1,1,0,0,1,1,0,0,0,0,1,0,1,0,1,0,1,1,1,1,1,1,0,0,1,1,0,0,0
PAT001-S7,1,1,0,1,0,1,1,0,1,1,0,1,1,0,0,1,1,1,0,1,1,0,0,0,1,0,0,1,1,0,0,0,1,0,1,1,0,0,0,1,1,0,0,1,0,1,1,1,0,0,0,1,1,1,1,1,1,1,1,1,1,1,1,0,1,0,1,0,1,0,0,1,1,0,1
PAT001-S8,1,1,0,0,0,1,1,0,1,1,0,0,0,1,1,0,1,1,0,1,1,0,0,0,1,0,1,1,1,0,0,0,1,1,1,0,1,0,0,1,1,0,1,1,0,0,1,1,0,1,1,1,0,0,0,1,1,1,0,1,1,1,1,0,1,0,1,0,0,1,1,1,1,0,0
PAT001-S9,0,0,1,0,1,1,1,0,0,0,1,1,0,1,0,0,1,1,0,1,0,1,1,0,0,0,1,1,1,0,0,1,1,0,0,0,1,1,0,1,1,0,0,1,1,0,0,1,1,1,1,1,0,1,0,0,0,0,1,0,1,1,0,0,0,0,1,1,1,1,1,1,0,1,1
PAT001-S10,1,1,0,1,1,1,1,0,1,1,0,1,0,1,1,1,1,0,0,0,1,0,0,0,0,1,1,1,0,0,1,0,1,1,1,1,1,0,0,1,0,1,1,1,1,0,1,1,0,0,1,1,0,1,0,1,1,0,0,1,1,1,1,1,1,1,0,0,0,1,1,1,0,0,0
PAT001-S11,1,1,0,0,0,1,1,0,1,1,0,1,1,1,0,0,0,1,0,1,1,1,0,0,1,1,0,1,1,0,1,1,1,1,1,1,1,0,0,1,1,1,1,1,1,0,1,0,0,1,1,1,0,1,0,1,1,0,1,1,1,1,1,1,1,0,1,0,1,0,1,1,1,0,0
PAT001-S12,1,1,1,1,1,1,1,1,1,1,0,1,0,0,1,1,1,1,0,1,1,1,0,0,1,0,0,0,1,1,1,1,1,1,1,0,1,1,0,1,1,0,1,1,0,0,0,0,1,1,1,1,0,0,0,1,0,0,0,1,0,1,1,1,0,0,1,1,0,0,0,1,1,1,1
PAT002-T1,0,0,1,0,0,0,0,1,0,0,0,0,0,0,0,0,0,0,1,1,1,0,0,0,0,0,0,1,0,0,1,0,1,1,1,0,0,0,0,0,0,0,0,1,1,0,0,1,0,1,1,0,1,0,0,0,0,1,0,0,0,1,1,1,0,0,0,0,0,0,0,1,0,0,0
PAT002-S2,0,0,1,0,0,0,0,1,0,0,0,0,0,0,0,0,0,0,1,1,1,0,0,0,0,0,0,1,0,0,1,0,1,1,1,0,0,0,0,0,0,0,0,1,1,0,0,1,0,1,1,0,1,0,0,0,0,1,0,0,0,1,1,1,0,0,0,0,0,0,0,1,0,0,0
PAT002-S3,1,0,0,0,1,0,1,1,0,1,1,0,1,0,0,0,0,0,0,1,1,1,0,1,0,1,1,1,1,1,1,0,1,1,0,0,1,1,1,0,1,1,1,0,0,0,1,0,0,1,0,1,0,1,1,0,0,1,0,0,0,0,0,1,1,1,1,1,1,0,0,1,0,0,0
PAT002-S4,0,0,1,1,1,0,1,1,1,1,0,0,1,0,1,0,1,0,0,1,0,1,1,0,1,0,0,0,0,0,0,0,0,0,0,1,0,1,1,0,0,1,0,1,0,0,1,0,1,0,0,0,1,1,1,1,1,1,0,0,0,1,1,0,0,1,1,1,0,1,0,0,0,0,1
PAT002-S5,1,1,0,1,0,0,0,1,1,1,1,1,0,0,1,0,0,0,0,0,1,1,1,1,1,1,0,0,0,1,1,0,1,1,1,1,1,0,0,1,0,1,1,0,1,1,0,0,1,1,1,1,0,1,0,0,0,1,0,1,1,1,0,0,1,0,1,0,1,1,0,1,0,0,1
PAT002-S6,1,0,1,1,0,0,0,1,0,0,0,0,0,1,1,1,1,0,0,1,0,0,0,1,0,1,1,0,0,0,0,0,1,1,0,0,1,1,1,0,0,0,0,0,0,1,1,0,1,1,0,0,1,1,0,1,0,0,0,1,1,1,0,1,1,0,0,0,1,0,0,0,1,0,1
PAT002-S7,1,0,0,1,0,1,0,0,0,1,0,1,0,1,0,1,1,0,0,1,1,0,1,0,0,0,0,0,0,0,0,0,1,1,0,0,0,1,1,0,0,1,1,0,1,1,1,0,0,1,0,0,1,0,1,1,1,1,1,0,1,1,0,0,0,0,0,1,0,0,1,1,0,0,1
PAT002-S8,0,0,1,1,1,1,0,0,1,1,0,0,1,0,0,0,1,1,1,1,0,0,1,1,1,0,1,1,0,0,1,1,1,0,1,0,1,1,1,1,0,1,0,0,1,0,0,0,1,1,0,1,1,1,1,1,0,1,0,1,1,0,0,1,0,0,1,0,1,1,1,0,0,0,1
PAT002-S9,1,1,1,0,1,1,1,0,1,0,1,0,1,0,1,0,0,1,0,0,0,0,1,1,1,1,1,1,0,1,0,0,0,0,0,1,0,1,1,1,0,1,1,0,0,1,0,0,1,0,0,1,1,0,0,1,0,1,0,1,0,0,0,1,0,0,1,1,1,1,0,1,1,1,0
PAT002-S10,0,1,1,1,0,1,0,1,1,1,0,0,1,0,0,0,0,0,1,1,0,0,0,0,0,1,0,0,1,1,0,0,0,0,1,0,1,1,1,1,1,0,1,0,1,1,0,1,0,1,0,0,0,1,1,1,0,0,0,1,0,0,1,0,1,0,1,0,1,1,0,0,0,1,0
PAT002-S11,0,0,0,0,1,0,0,0,1,1,0,0,1,1,1,0,1,0,1,1,1,1,0,1,1,0,1,1,0,0,1,0,0,0,0,0,1,1,0,1,1,1,0,0,0,0,0,1,0,1,1,1,1,0,1,1,0,1,0,1,1,0,1,1,0,0,0,0,0,0,1,0,1,0,1
PAT003-T1,0,1,1,0,1,1,1,0,0,0,1,0,0,0,0,0,1,0,1,0,0,0,0,0,0,0,1,0,0,0,0,0,0,0,0,0,1,0,0,1,0,0,0,0,0,0,1,1,0,0,0,0,0,0,0,0,1,0,1,1,0,1,0,0,0,0,0,0,0,0,0,0,0,0,0
PAT003-S3,0,1,1,0,1,1,1,0,0,0,1,0,0,0,0,0,1,0,1,0,0,0,0,0,0,0,1,0,0,0,0,0,0,0,0,0,1,0,0,1,0,0,0,0,0,0,1,1,0,0,0,0,0,0,0,0,1,0,1,1,0,1,0,0,0,0,0,0,0,0,0,0,0,0,0
PAT003-S2,0,1,0,1,1,1,0,1,1,1,0,0,1,0,0,1,1,1,1,0,0,1,1,0,0,0,0,1,1,1,0,0,0,1,0,1,0,1,0,1,0,0,0,1,1,1,1,0,0,0,0,0,0,1,1,1,0,1,0,1,1,1,1,0,0,1,1,0,0,1,1,1,0,0,1
PAT003-S4,1,1,1,0,1,1,0,0,0,0,0,1,1,0,0,0,0,0,1,1,1,0,1,0,1,0,1,1,1,0,1,1,1,0,1,0,1,0,1,0,0,0,1,0,1,1,1,0,0,0,0,1,1,1,1,0,0,1,1,1,0,0,0,0,0,0,1,0,1,0,0,0,0,1,0
PAT003-S5,0,0,0,1,0,1,1,0,0,1,1,0,0,1,1,1,0,1,0,0,0,1,0,0,1,0,1,1,0,0,1,1,1,0,1,0,0,0,1,0,1,0,1,1,1,0,0,0,1,1,1,1,1,1,1,1,0,1,0,0,0,0,1,1,0,0,0,1,1,1,1,1,0,0,0
PAT003-S6,1,1,1,0,0,1,1,0,0,1,0,0,1,0,1,0,1,0,1,0,0,1,0,0,1,0,1,0,0,0,0,0,1,0,1,0,0,1,0,0,0,1,0,1,0,1,0,1,0,0,0,0,1,0,0,1,1,1,0,0,0,0,1,1,1,0,0,1,1,1,1,0,0,0,1
PAT003-S7,1,1,0,0,1,0,1,1,1,1,1,1,1,0,0,1,0,1,0,0,0,0,0,0,0,1,0,0,1,0,1,0,0,0,1,1,0,0,1,1,1,0,0,0,0,1,0,0,1,1,0,1,0,1,1,0,0,0,1,1,1,0,0,0,1,0,1,1,0,1,0,1,1,0,1
PAT003-S8,0,1,1,0,1,1,0,1,1,1,0,1,1,0,0,0,1,1,1,0,0,1,0,0,0,1,0,1,1,1,1,1,0,1,1,0,0,0,0,1,1,1,0,1,0,0,1,1,1,0,1,1,1,1,1,0,0,1,0,1,0,1,1,0,0,0,0,1,0,0,0,0,1,1,0
PAT004-T1,0,0,0,0,0,1,0,0,0,0,0,1,1,1,1,0,0,0,0,0,0,0,1,1,1,0,0,0,0,0,0,0,0,0,0,0,0,0,0,0,1,1,0,0,0,0,0,0,0,0,1,0,1,0,0,1,1,0,0,0,0,1,1,0,0,0,0,1,1,0,0,0,0,1,0
PAT004-S8,0,0,0,0,0,1,0,0,0,0,0,1,1,1,1,0,0,0,0,0,0,0,1,1,1,0,0,0,0,0,0,0,0,0,0,0,0,0,0,0,1,1,0,0,0,0,0,0,0,0,1,0,1,0,0,1,1,0,0,0,0,1,1,0,0,0,0,1,1,0,0,0,0,1,0
PAT004-S2,1,1,0,1,0,1,0,1,1,1,1,0,1,0,1,1,0,0,0,0,0,0,0,0,0,1,1,1,1,1,1,0,1,0,1,0,0,0,0,1,1,1,0,0,1,0,1,1,1,0,0,1,0,0,0,0,0,0,0,0,1,1,0,1,1,1,0,0,0,1,1,0,1,0,0
PAT004-S3,1,1,1,0,0,1,1,1,0,1,1,0,0,1,0,1,1,1,1,1,1,1,0,0,0,1,1,0,0,1,1,1,1,1,0,1,0,1,1,1,0,0,1,1,1,1,1,1,1,1,0,1,0,1,1,0,1,1,1,0,1,1,0,1,0,1,1,0,0,1,1,1,1,0,1
PAT004-S4,1,0,1,0,0,1,1,0,1,0,1,0,0,1,0,1,1,0,0,0,0,1,0,1,0,1,1,1,1,1,1,1,1,1,1,0,1,0,0,0,0,0,1,0,1,0,0,1,1,0,0,1,1,1,0,1,1,1,1,1,1,0,0,1,1,0,1,0,1,0,1,1,0,1,0
PAT004-S5,0,1,1,1,0,1,0,1,1,0,0,1,0,0,0,1,0,1,0,0,0,1,1,0,1,1,1,1,1,0,1,0,0,1,0,1,1,1,0,1,1,0,0,1,0,0,0,0,0,1,0,1,0,1,1,0,1,1,0,1,0,1,0,1,1,1,0,1,0,1,1,1,0,0,1
PAT004-S6,1,1,1,1,0,1,1,1,0,0,0,0,1,0,0,0,1,0,1,0,1,0,0,0,0,1,1,1,1,1,1,0,1,1,1,1,1,1,0,1,0,0,1,1,1,1,1,1,0,1,0,1,0,0,1,0,1,1,1,1,1,0,1,1,1,1,1,0,0,0,0,0,0,0,1
PAT004-S7,0,1,0,0,1,1,1,1,0,1,1,0,1,1,1,0,1,0,0,1,1,0,1,1,1,0,0,0,1,0,1,0,1,1,1,1,1,1,0,1,0,1,0,1,0,0,1,1,0,0,1,1,0,0,1,0,1,1,0,0,1,1,0,0,1,1,0,0,1,1,1,1,1,0,0
PAT005-T1,1,1,1,0,1,0,0,0,1,1,1,1,1,1,0,0,0,0,0,0,0,1,1,0,0,0,0,1,0,0,1,1,0,1,0,0,0,0,0,0,0,1,0,0,1,0,1,0,0,0,0,0,0,0,0,0,0,0,0,0,0,1,0,1,0,0,0,1,0,0,0,0,0,0,0
PAT005-S7,1,1,1,0,1,0,0,0,1,1,1,1,1,1,0,0,0,0,0,0,0,1,1,0,0,0,0,1,0,0,1,1,0,1,0,0,0,0,0,0,0,1,0,0,1,0,1,0,0,0,0,0,0,0,0,0,0,0,0,0,0,1,0,1,0,0,0,1,0,0,0,0,0,0,0
PAT005-S2,0,0,1,0,0,0,0,1,0,1,0,0,1,0,0,0,0,1,1,1,1,0,0,1,1,1,0,1,0,1,1,1,1,0,1,1,1,1,0,1,1,1,1,0,0,0,0,1,1,0,0,1,0,1,1,0,1,1,0,0,0,1,1,1,1,0,1,0,1,1,1,0,0,1,0
PAT005-S3,0,0,0,0,1,1,1,1,0,0,0,0,1,0,1,1,0,0,0,1,0,0,0,1,1,0,0,0,1,1,0,0,0,1,1,0,1,1,1,1,0,0,1,1,1,1,1,0,1,1,0,1,0,1,1,0,0,0,0,0,0,1,1,0,0,1,1,0,1,1,1,0,1,1,1
PAT005-S4,0,0,0,1,1,1,1,1,0,0,1,0,0,0,1,0,1,1,1,1,1,0,0,1,1,1,0,0,0,0,1,0,1,0,1,1,1,0,1,1,1,0,1,1,0,1,1,1,0,1,1,1,1,1,1,1,1,0,1,1,1,0,1,0,1,0,1,0,1,1,1,1,1,1,1
PAT005-S5,1,0,0,1,0,0,0,1,0,0,0,0,0,0,1,1,0,1,0,1,1,1,0,0,1,1,1,0,1,1,1,0,1,0,1,1,0,0,1,0,1,1,0,0,0,1,0,0,1,0,1,0,1,1,1,1,1,0,1,1,0,0,0,1,1,1,1,1,1,1,0,1,0,0,1
PAT005-S6,1,1,0,1,0,1,0,1,1,0,0,1,1,0,1,1,1,1,1,0,1,1,0,1,0,1,0,0,1,0,0,1,0,0,1,1,1,0,1,1,0,0,0,1,1,1,0,1,1,0,1,0,1,1,1,1,1,1,0,1,1,0,1,1,1,1,1,0,1,0,1,1,0,1,0
PAT005-S8,1,0,1,1,1,0,0,0,1,1,0,0,0,0,0,0,0,1,0,0,1,1,0,1,0,0,0,0,0,1,0,1,0,0,0,1,0,1,1,1,0,1,1,0,1,1,1,0,0,1,1,0,0,0,1,0,1,0,1,0,1,1,0,0,1,0,1,0,1,0,0,0,0,1,0
PAT006-T1,0,0,0,0,0,1,0,0,1,0,1,1,0,0,0,0,1,0,0,0,0,0,1,0,0,0,1,0,1,0,1,0,0,0,0,0,0,0,0,1,0,1,0,0,0,0,1,0,1,1,0,1,0,1,1,0,1,0,0,0,0,0,1,0,0,0,0,1,1,1,0,0,1,1,0
PAT006-S8,0,0,0,0,0,1,0,0,1,0,1,1,0,0,0,0,1,0,0,0,0,0,1,0,0,0,1,0,1,0,1,0,0,0,0,0,0,0,0,1,0,1,0,0,0,0,1,0,1,1,0,1,0,1,1,0,1,0,0,0,0,0,1,0,0,0,0,1,1,1,0,0,1,1,0
PAT006-S2,0,0,0,1,0,0,1,1,0,1,0,1,0,0,1,0,1,1,0,0,1,0,1,1,1,1,0,1,0,1,1,1,1,1,1,1,1,1,0,1,1,0,0,0,1,0,1,1,1,1,0,0,1,0,0,0,1,0,0,1,0,0,0,0,1,0,1,0,1,1,1,1,0,1,0
PAT006-S3,0,0,0,1,0,0,1,0,0,0,1,0,1,0,0,1,0,0,0,1,1,0,1,0,0,0,0,0,0,0,0,1,0,0,1,0,1,1,0,0,0,0,0,0,1,1,1,0,0,1,1,0,1,0,1,0,1,0,0,0,0,0,1,1,0,0,0,1,1,1,1,0,0,1,0
PAT006-S4,1,1,1,1,1,1,1,1,1,1,0,0,0,0,0,0,0,1,1,1,1,1,0,0,1,1,0,1,0,1,0,0,0,1,1,1,0,1,1,1,1,0,1,1,1,1,1,1,0,0,0,0,1,0,1,1,0,1,0,1,1,0,1,1,0,1,1,1,0,0,1,1,0,1,0
PAT006-S5,0,1,0,1,1,0,0,1,0,1,0,1,0,0,1,1,1,1,0,1,0,1,0,0,0,1,1,0,0,1,0,1,0,1,1,1,0,1,1,0,0,0,0,1,1,1,0,0,1,1,0,0,1,1,1,0,0,1,0,1,1,1,1,1,0,1,0,1,0,1,1,1,1,0,1
PAT006-S6,1,1,0,1,0,1,1,1,1,1,0,0,0,0,1,1,1,0,0,0,1,0,0,1,0,1,1,1,1,0,0,0,1,0,1,0,1,1,1,0,0,1,0,1,1,1,1,0,0,0,1,1,0,1,0,0,1,1,0,1,1,0,0,0,0,1,0,1,0,0,1,1,0,0,1
PAT006-S7,0,1,0,1,0,0,0,1,1,1,0,1,1,1,1,0,1,1,0,1,1,0,1,0,1,1,0,1,0,0,1,1,1,0,1,0,1,1,0,0,1,0,0,0,1,1,1,1,1,0,1,1,1,1,0,1,1,1,0,1,0,0,0,0,0,1,1,0,0,0,1,1,1,0,0
PAT006-S9,1,1,0,1,1,0,1,1,1,1,1,1,1,1,0,0,0,1,1,1,1,0,0,0,0,1,0,0,1,0,0,1,1,1,0,1,0,1,0,1,1,1,1,1,0,0,0,1,1,1,1,1,1,0,0,1,1,1,0,1,0,0,1,1,1,0,0,0,1,0,1,0,0,1,1
PAT007-T1,0,0,0,1,0,0,0,0,1,0,0,1,0,1,0,0,1,1,0,0,0,0,1,0,0,1,0,0,1,1,0,0,0,0,0,1,1,1,0,1,0,0,0,0,1,0,0,1,0,1,0,0,1,0,0,0,0,0,0,0,1,0,0,0,1,1,1,1,0,0,0,0,0,0,1
PAT007-S2,0,0,0,1,0,0,0,0,1,0,0,1,0,1,0,0,1,1,0,0,0,0,1,0,0,1,0,0,1,1,0,0,0,0,0,1,1,1,0,1,0,0,0,0,1,0,0,1,0,1,0,0,1,0,0,0,0,0,0,0,1,0,0,0,1,1,1,1,0,0,0,0,0,0,1
PAT007-S3,0,1,1,0,1,1,1,1,1,1,1,0,1,1,1,0,1,0,1,0,0,1,1,0,1,0,0,1,0,0,1,1,0,1,1,0,0,0,1,0,1,1,1,0,0,1,1,0,1,0,1,0,1,1,1,1,0,0,1,1,0,1,1,1,0,1,1,0,1,0,1,1,1,1,0
PAT007-S4,1,1,1,0,1,0,1,1,0,1,1,1,1,0,1,1,0,0,1,1,1,1,0,1,1,0,1,0,1,0,1,1,1,1,1,1,1,0,1,0,0,0,0,1,0,1,1,0,1,0,1,1,0,1,1,1,1,1,0,1,0,1,0,1,0,0,0,0,1,0,0,1,1,1,1
PAT007-S5,1,0,1,0,0,1,1,1,0,1,1,0,0,1,1,0,0,0,1,0,0,1,0,1,1,0,1,0,0,1,0,1,0,0,1,0,1,0,1,0,0,0,0,1,0,1,0,0,1,0,1,0,1,0,1,0,0,1,0,1,1,0,0,1,0,0,0,1,0,0,1,0,0,0,0
PAT007-S6,1,1,1,0,0,1,1,1,1,0,0,0,1,1,1,1,0,0,1,1,1,1,0,1,1,0,1,1,0,0,1,0,1,1,1,1,0,0,1,0,1,1,1,1,1,1,1,1,0,1,0,0,0,0,0,1,1,0,1,0,0,1,1,1,0,0,0,0,1,1,1,1,1,1,0
PAT007-S7,1,1,0,1,0,1,1,1,0,0,1,0,1,1,0,1,1,0,0,0,0,1,0,1,1,1,1,1,0,0,1,1,1,1,0,0,1,0,1,0,1,1,1,1,0,1,1,0,0,0,1,0,0,0,1,0,1,0,1,1,0,1,1,1,1,0,1,0,0,0,1,0,0,1,0
PAT007-S8,1,0,1,0,1,1,0,0,0,1,0,0,1,0,1,1,1,0,0,1,1,0,0,1,0,0,0,1,1,0,1,0,0,1,1,0,1,1,0,0,0,1,1,1,1,0,1,1,0,0,1,0,1,1,1,1,1,0,1,0,0,1,1,0,1,1,0,0,1,1,0,1,0,1,0
PAT007-S9,1,1,0,0,1,1,0,1,0,1,1,1,1,0,0,1,0,0,1,1,1,1,1,0,1,0,0,1,0,0,1,1,0,1,0,0,1,0,1,0,1,1,1,1,0,1,1,0,0,0,0,1,0,1,1,1,1,1,1,1,0,1,1,1,0,0,0,0,1,1,1,1,1,1,0
PAT008-T1,1,1,0,0,0,1,0,1,0,0,0,0,0,0,0,1,0,0,0,1,1,0,0,0,0,0,1,0,0,0,1,0,0,0,0,1,0,1,0,0,1,0,0,0,0,0,1,1,0,0,0,0,0,0,0,0,0,0,1,0,0,0,0,0,0,1,0,0,0,1,1,1,0,1,0
PAT008-S8,1,1,0,0,0,1,0,1,0,0,0,0,0,0,0,1,0,0,0,1,1,0,0,0,0,0,1,0,0,0,1,0,0,0,0,1,0,1,0,0,1,0,0,0,0,0,1,1,0,0,0,0,0,0,0,0,0,0,1,0,0,0,0,0,0,1,0,0,0,1,1,1,0,1,0
PAT008-S2,0,1,1,1,0,1,0,0,1,0,0,1,0,1,0,1,0,0,1,1,0,1,1,1,1,0,0,0,0,0,0,0,1,0,1,0,1,1,0,0,0,1,0,0,0,1,1,0,0,0,1,1,0,1,1,0,1,0,1,1,1,1,1,0,0,0,1,0,1,1,0,0,1,1,1
PAT008-S3,1,1,1,1,1,0,0,1,1,1,1,0,0,1,1,1,0,1,1,1,1,0,1,1,1,0,1,1,0,0,1,0,1,0,0,0,1,1,1,0,0,0,1,1,1,1,0,0,1,1,1,0,0,0,0,0,1,1,0,1,1,0,1,0,0,0,0,0,0,0,0,1,1,0,0
PAT008-S4,0,1,0,0,0,0,0,1,1,0,0,1,1,0,1,1,1,1,0,1,1,0,1,1,1,0,0,0,0,1,1,0,0,0,0,0,1,0,0,1,1,1,1,1,0,0,0,1,1,1,0,1,0,0,0,1,1,1,1,1,0,1,1,1,1,0,1,1,1,1,0,0,1,1,0
PAT008-S5,1,0,1,1,0,0,1,1,0,0,0,0,0,0,1,1,1,0,0,1,0,0,1,0,0,0,0,0,0,0,1,1,1,1,1,1,1,1,1,1,0,1,0,0,0,0,1,1,1,1,0,1,0,1,0,0,1,0,1,0,1,0,0,1,1,0,1,0,0,0,0,0,1,1,0
PAT008-S6,1,1,0,0,1,1,1,1,1,0,0,1,0,1,0,0,1,0,0,1,1,1,0,1,1,1,0,0,1,1,1,0,1,1,0,0,0,1,0,0,0,0,0,1,0,0,1,1,1,1,1,1,1,0,0,1,0,1,1,1,0,0,1,0,1,1,1,0,1,0,0,1,0,1,1
PAT008-S7,0,0,1,1,1,0,1,0,1,1,1,1,1,1,1,1,1,0,0,1,1,0,1,1,1,1,1,0,0,0,1,1,1,1,0,0,0,1,1,1,0,1,1,0,1,0,0,1,1,0,1,1,0,0,0,0,1,1,1,1,0,1,0,0,0,0,0,1,1,0,1,0,0,0,0
PAT008-S9,0,1,1,0,1,0,0,0,1,0,0,0,0,0,0,0,1,1,0,0,1,0,1,1,0,0,0,0,0,0,0,0,1,0,0,1,0,0,0,0,0,0,0,1,0,0,1,1,1,0,0,0,0,0,1,1,1,1,1,0,0,0,1,0,0,1,1,0,1,0,1,0,1,0,1
PAT008-S10,0,0,1,0,1,1,1,1,0,0,1,0,1,0,1,1,1,1,1,0,1,0,0,1,0,0,0,0,1,1,0,1,0,1,1,1,0,0,1,0,1,0,1,1,1,1,0,0,1,1,0,1,0,0,1,1,1,1,0,0,0,0,1,0,1,1,1,1,0,1,0,1,1,0,1
PAT008-S11,1,0,1,0,1,0,1,0,0,0,0,1,0,0,0,0,0,1,0,1,0,1,0,1,1,0,1,1,0,0,0,0,1,0,0,0,0,0,0,1,0,0,0,1,1,1,1,0,0,1,0,0,1,0,0,1,1,0,1,1,1,0,1,0,1,1,1,1,1,0,0,1,1,0,1
PAT008-S12,0,1,0,1,0,1,0,0,0,0,0,1,0,0,1,1,0,0,1,1,1,1,0,1,1,0,1,0,0,0,1,1,1,0,1,1,0,1,1,0,0,0,0,0,1,1,1,1,1,1,1,0,1,1,1,0,1,1,0,1,1,1,1,1,1,0,1,1,0,1,1,0,1,1,1
PAT009-T1,0,0,0,0,0,1,0,1,0,0,0,0,0,0,0,0,1,0,0,0,0,0,1,1,0,0,0,1,0,0,1,1,1,1,1,0,0,1,0,1,0,0,0,0,0,1,0,1,0,0,0,0,1,1,1,1,0,1,1,1,0,1,0,1,0,0,0,0,0,1,0,0,0,0,0
PAT009-S2,0,0,0,0,0,1,0,1,0,0,0,0,0,0,0,0,1,0,0,0,0,0,1,1,0,0,0,1,0,0,1,1,1,1,1,0,0,1,0,1,0,0,0,0,0,1,0,1,0,0,0,0,1,1,1,1,0,1,1,1,0,1,0,1,0,0,0,0,0,1,0,0,0,0,0
PAT009-S3,1,0,0,0,1,0,1,1,1,0,1,0,1,0,0,1,1,0,0,0,1,1,1,1,1,0,1,1,0,0,1,0,1,0,0,1,1,1,0,1,1,1,0,1,0,1,1,1,0,1,1,0,1,0,0,0,1,1,1,1,0,1,0,0,1,0,1,0,0,1,1,1,0,0,0
PAT009-S4,1,1,1,1,0,1,1,0,1,0,1,1,0,0,1,1,1,0,0,1,1,0,0,1,1,0,0,1,1,1,1,0,1,1,0,0,1,0,1,1,1,0,1,1,1,0,0,1,0,1,1,0,0,0,0,0,1,1,0,1,0,0,0,1,0,1,1,1,1,0,0,0,0,0,0
PAT009-S5,0,0,0,0,1,0,0,1,1,1,0,1,0,1,0,0,1,1,1,0,1,0,0,1,0,1,1,0,1,0,0,0,0,0,1,1,0,0,1,1,1,1,0,1,1,1,1,0,0,1,1,0,0,1,1,0,0,1,0,1,1,1,1,1,1,0,0,0,1,0,1,1,1,0,0
PAT009-S6,1,0,0,1,1,0,0,0,0,0,0,0,1,1,1,0,1,0,1,0,1,1,0,0,1,1,1,1,0,0,0,0,0,0,1,0,0,0,0,0,0,0,0,1,1,1,0,0,1,1,1,0,1,0,0,1,1,0,1,1,0,0,1,0,0,0,0,1,0,1,0,1,0,1,1
PAT009-S7,0,1,1,1,1,0,1,0,0,0,0,0,1,0,1,0,0,0,1,1,0,0,1,0,0,0,0,0,0,1,0,1,1,1,1,0,0,0,0,0,1,0,1,0,1,1,0,1,1,0,0,1,1,0,1,1,0,1,1,1,1,1,1,0,0,1,0,1,0,1,0,1,1,0,1
PAT009-S8,1,0,1,1,0,0,0,0,0,0,1,1,0,0,1,0,1,0,0,1,1,0,1,0,1,1,1,0,0,1,0,1,1,1,0,0,1,0,0,1,1,0,1,0,0,1,0,0,1,0,0,1,1,0,1,0,0,1,1,0,0,0,1,1,1,1,0,1,1,0,0,0,1,1,1
PAT009-S9,1,1,0,0,0,0,0,0,1,0,0,0,1,1,1,0,1,0,0,0,0,1,1,1,1,1,1,0,0,0,0,1,0,1,0,0,0,0,1,1,0,0,1,0,1,1,0,0,1,0,0,1,0,1,0,1,1,0,1,0,1,0,0,1,0,1,1,0,1,1,1,1,0,1,0
PAT009-S10,1,0,0,0,1,0,0,1,1,0,0,0,1,0,0,1,0,1,0,1,1,1,1,1,0,0,0,1,0,1,1,0,0,0,0,0,0,1,0,1,0,0,0,1,0,0,0,0,1,1,1,0,1,0,0,1,1,0,1,0,1,1,0,0,0,1,0,0,0,1,1,0,0,0,1
PAT009-S11,0,1,0,1,0,1,0,0,0,1,0,1,1,1,0,1,0,1,1,0,1,1,1,0,0,0,1,1,1,0,0,0,1,0,1,1,0,0,0,1,1,0,0,1,0,0,0,0,1,0,1,0,0,1,0,1,0,1,1,0,1,1,0,0,0,0,1,0,0,0,1,0,1,0,0
PAT009-S12,0,0,0,1,0,1,1,1,1,1,0,0,0,0,1,1,1,0,0,0,1,0,0,0,1,0,0,0,0,0,1,1,1,1,1,1,1,0,1,1,0,0,0,0,1,0,0,0,0,1,0,0,1,0,0,0,1,1,0,1,0,0,1,1,0,0,0,1,0,1,1,1,0,0,0
PAT010-T1,0,0,1,0,1,1,0,1,0,0,0,0,1,0,0,1,0,0,0,1,0,0,0,0,1,0,0,0,1,1,0,0,0,0,0,0,0,1,0,1,0,1,0,0,1,0,0,0,1,0,1,0,0,0,0,0,0,0,0,0,1,1,1,0,1,0,0,1,1,0,0,0,0,1,0
PAT010-S3,0,0,1,0,1,1,0,1,0,0,0,0,1,0,0,1,0,0,0,1,0,0,0,0,1,0,0,0,1,1,0,0,0,0,0,0,0,1,0,1,0,1,0,0,1,0,0,0,1,0,1,0,0,0,0,0,0,0,0,0,1,1,1,0,1,0,0,1,1,0,0,0,0,1,0
PAT010-S2,0,1,0,0,0,1,1,1,1,1,1,1,1,1,0,1,0,1,1,0,0,1,0,0,1,0,0,0,0,1,1,0,1,0,0,0,0,0,1,0,1,1,1,0,0,0,1,0,0,1,0,1,1,1,0,1,0,1,0,1,1,1,0,0,0,1,1,1,1,1,1,1,0,1,1
PAT010-S4,0,0,0,1,1,0,1,0,1,0,0,1,1,0,1,1,0,1,1,1,0,1,1,1,0,1,1,0,0,0,0,0,0,0,1,0,0,1,0,1,0,1,1,0,0,0,0,0,0,0,1,1,0,0,0,0,1,0,1,1,1,0,0,0,1,1,1,0,0,0,0,0,0,0,0
PAT010-S5,0,0,0,0,1,1,1,0,1,1,1,1,0,1,0,1,0,1,0,0,1,0,1,1,0,0,1,1,1,0,0,0,0,1,0,0,1,0,0,1,1,0,1,1,0,0,1,1,0,1,0,0,1,0,1,0,1,0,0,0,1,0,0,1,0,1,0,0,1,0,1,1,1,1,0
PAT010-S6,1,0,1,1,0,0,1,0,0,1,1,1,1,0,0,1,1,0,0,0,1,1,0,0,0,1,1,1,0,0,0,0,1,1,0,0,0,0,0,1,0,0,0,1,0,0,0,1,1,0,0,1,1,1,1,1,0,0,0,1,0,1,0,0,0,0,1,0,0,1,0,1,1,1,1
PAT010-S7,0,1,1,1,0,0,0,0,0,0,0,0,0,1,0,0,0,0,1,1,0,1,1,1,1,1,0,1,0,1,1,0,0,0,0,1,1,0,0,0,0,0,0,1,1,0,1,0,1,1,0,0,1,0,0,1,0,1,1,1,0,1,0,1,0,1,0,0,0,0,0,0,1,0,1
PAT010-S8,0,1,0,1,1,1,1,0,1,0,1,0,0,0,0,0,0,0,1,0,1,0,0,1,1,1,1,0,1,0,1,1,1,1,0,1,0,1,0,0,1,0,0,1,1,1,0,1,1,0,1,1,0,1,1,0,1,0,0,1,1,0,1,1,0,0,1,1,0,1,1,1,0,0,1
